<!-- [ Mirror metadata ] generatedAt: 1463636251666 -->
<!-- Generated screen file. Fill the id tags below with content with
which to populate your previewed layout. For a complete specification
of sample data, please see http://jimulabs.com/sample-data-specifications/ 

Valid attributes on <screen> tag: theme="@style/someTheme" inEditMode="false" overlay="@drawable/mockup" -->
<screen>
    <_content layout="@layout/submit_assess">
        <!-- ImageView Examples:
        <ivGoods src="@drawable/image_resource" />
        <ivGoods src="relative_path/image.jpg" /> -->
        <ivGoods />
        <!-- TextView Examples:
        <tvAssess text="@string/string_resource" />
        <tvAssess text="Text literal" textSize="14sp" /> -->
        <tvAssess />
        <imageView3 />
    </_content>
</screen>
